{"cameraMode":{"drawMode":0,"name":"Shaded","section":"Shading Mode"},"sceneLighting":true,"audioPlay":false,"sceneViewState":{"m_AlwaysRefresh":false,"showFog":true,"showSkybox":true,"showFlares":true,"showImageEffects":true,"showParticleSystems":true,"showVisualEffectGraphs":true,"m_FxEnabled":true},"in2DMode":false,"pivot":{"x":3.7717981338500978,"y":1.7194499969482422,"z":15.82284164428711},"rotation":{"x":0.13555195927619935,"y":0.7692880630493164,"z":-0.17389316856861115,"w":0.5996585488319397},"size":8.243282318115235,"orthographic":false}