{"cameraMode":{"drawMode":0,"name":"Shaded","section":"Shading Mode"},"sceneLighting":true,"audioPlay":false,"sceneViewState":{"m_AlwaysRefresh":false,"showFog":true,"showSkybox":true,"showFlares":true,"showImageEffects":true,"showParticleSystems":true,"showVisualEffectGraphs":true,"m_FxEnabled":true},"in2DMode":false,"pivot":{"x":20.849205017089845,"y":2.1992275714874269,"z":13.584006309509278},"rotation":{"x":-0.22626817226409913,"y":-0.6191749572753906,"z":0.19277232885360719,"w":-0.7268329858779907},"size":4.0197224617004398,"orthographic":false}