{"cameraMode":{"drawMode":0,"name":"Shaded","section":"Shading Mode"},"sceneLighting":true,"audioPlay":false,"sceneViewState":{"m_AlwaysRefresh":false,"showFog":true,"showSkybox":true,"showFlares":true,"showImageEffects":true,"showParticleSystems":true,"showVisualEffectGraphs":true,"m_FxEnabled":true},"in2DMode":false,"pivot":{"x":619.4783935546875,"y":50.780399322509769,"z":760.0059204101563},"rotation":{"x":0.18560580909252168,"y":0.7393065690994263,"z":-0.22626742720603944,"w":0.6064554452896118},"size":1.3086092472076417,"orthographic":false}