{"cameraMode":{"drawMode":0,"name":"Shaded","section":"Shading Mode"},"sceneLighting":true,"audioPlay":false,"sceneViewState":{"m_AlwaysRefresh":false,"showFog":true,"showSkybox":true,"showFlares":true,"showImageEffects":true,"showParticleSystems":true,"showVisualEffectGraphs":true,"m_FxEnabled":true},"in2DMode":false,"pivot":{"x":3.421999931335449,"y":0.4320000410079956,"z":20.860000610351564},"rotation":{"x":0.049624308943748477,"y":0.8316266536712647,"z":-0.07530722767114639,"w":0.5479689240455627},"size":4.712403774261475,"orthographic":false}