{"cameraMode":{"drawMode":0,"name":"Shaded","section":"Shading Mode"},"sceneLighting":true,"audioPlay":false,"sceneViewState":{"m_AlwaysRefresh":false,"showFog":true,"showSkybox":true,"showFlares":true,"showImageEffects":true,"showParticleSystems":true,"showVisualEffectGraphs":true,"m_FxEnabled":true},"in2DMode":false,"pivot":{"x":636.47998046875,"y":57.400001525878909,"z":769.0599975585938},"rotation":{"x":0.031872060149908069,"y":0.28879526257514956,"z":-0.009660754352807999,"w":0.9568561911582947},"size":11.824355125427246,"orthographic":false}