{"cameraMode":{"drawMode":0,"name":"Shaded","section":"Shading Mode"},"sceneLighting":true,"audioPlay":false,"sceneViewState":{"m_AlwaysRefresh":false,"showFog":true,"showSkybox":true,"showFlares":true,"showImageEffects":true,"showParticleSystems":true,"showVisualEffectGraphs":true,"m_FxEnabled":true},"in2DMode":false,"pivot":{"x":3.421999931335449,"y":0.4099999666213989,"z":20.887998580932618},"rotation":{"x":0.043821003288030627,"y":0.7348213195800781,"z":-0.04768829420208931,"w":0.6751668453216553},"size":0.8124038577079773,"orthographic":false}