{"cameraMode":{"drawMode":0,"name":"Shaded","section":"Shading Mode"},"sceneLighting":false,"audioPlay":false,"sceneViewState":{"m_AlwaysRefresh":false,"showFog":false,"showSkybox":false,"showFlares":false,"showImageEffects":false,"showParticleSystems":false,"showVisualEffectGraphs":true,"m_FxEnabled":true},"in2DMode":false,"pivot":{"x":-0.2664969563484192,"y":1.0792737007141114,"z":-0.10295271873474121},"rotation":{"x":-0.007631604094058275,"y":0.9859793186187744,"z":0.0470573827624321,"w":0.15992771089076997},"size":-0.29092270135879519,"orthographic":false}