{"cameraMode":{"drawMode":0,"name":"Shaded","section":"Shading Mode"},"sceneLighting":false,"audioPlay":false,"sceneViewState":{"m_AlwaysRefresh":false,"showFog":false,"showSkybox":false,"showFlares":false,"showImageEffects":false,"showParticleSystems":false,"showVisualEffectGraphs":true,"m_FxEnabled":true},"in2DMode":false,"pivot":{"x":-2.9084856510162355,"y":1.7074655294418336,"z":-2.4434280395507814},"rotation":{"x":-0.005909034051001072,"y":-0.9853560328483582,"z":0.03489416465163231,"w":-0.1668146252632141},"size":3.5660252571105959,"orthographic":false}